Symbol,Capt,Tdate,Ttime,PerfDay,Volume,VolumeAvg3m
MMM,1.10E+11,7/20/2016,4:02 PM,0.10%,1351052,1946550
ABT,62660000000,7/20/2016,4:00 PM,2.03%,13642493,11283600
ABBV,1.03E+11,7/20/2016,4:00 PM,0.14%,7483864,9139880
ACN,71870000000,7/20/2016,4:01 PM,1.83%,2659437,2082320
ATVI,30550000000,7/20/2016,4:00 PM,-0.34%,5924885,9015570
AYI,11650000000,7/20/2016,4:02 PM,0.42%,256149,515494
ADBE,49030000000,7/20/2016,4:00 PM,0.62%,1420773,2479170
AAP,12020000000,7/20/2016,4:02 PM,0.03%,444955,1098810
AES,8280000000,7/20/2016,4:00 PM,0.40%,3035482,4631960
AET,40840000000,7/20/2016,4:00 PM,1.16%,2963581,2821690
AMG,7890000000,7/20/2016,4:02 PM,0.43%,267334,605705
AFL,30410000000,7/20/2016,4:02 PM,0.33%,1334566,2173020
A,15300000000,7/20/2016,4:03 PM,0.06%,2121973,2205480
APD,32270000000,7/20/2016,4:00 PM,-0.02%,612393,1051730
AKAM,10150000000,7/20/2016,4:00 PM,0.66%,1160828,1712930
ALK,7830000000,7/20/2016,4:02 PM,-0.59%,1916282,2182080
ALB,9730000000,7/20/2016,4:02 PM,0.81%,942606,1787760
AA,13950000000,7/20/2016,4:01 PM,-0.19%,16291228,22570900
ALXN,28430000000,7/20/2016,4:00 PM,2.23%,1809759,1913460
ALLE,6890000000,7/20/2016,4:02 PM,0.13%,317216,618181
AGN,97680000000,7/20/2016,4:01 PM,1.78%,2210439,3636460
ADS,12670000000,7/20/2016,4:01 PM,0.28%,1075108,870238
LNT,8980000000,7/20/2016,4:05 PM,-0.15%,882118,2163200
ALL,25870000000,7/20/2016,4:01 PM,-0.03%,863874,1961240
GOOGL,5.20E+11,7/20/2016,4:00 PM,0.49%,1116291,1906730
GOOG,5.09E+11,7/20/2016,4:00 PM,0.57%,1269744,1798160
MO,1.35E+11,7/20/2016,4:00 PM,-0.30%,4254630,6063430
AMZN,3.52E+11,7/20/2016,4:00 PM,0.78%,2170015,3843430
AEE,12670000000,7/20/2016,4:00 PM,-0.25%,824577,1900100
AAL,20770000000,7/20/2016,4:00 PM,-0.25%,13075669,11841800
AEP,34070000000,7/20/2016,4:00 PM,-0.60%,1395435,2695180
AXP,61320000000,7/20/2016,4:00 PM,0.50%,7958840,5023730
AIG,61070000000,7/20/2016,4:00 PM,0.20%,3427014,6889110
AMT,49990000000,7/20/2016,4:01 PM,0.31%,1573436,1800290
AWK,14500000000,7/20/2016,4:02 PM,-0.16%,884043,1362830
AMP,16000000000,7/20/2016,4:02 PM,0.12%,764057,1211660
ABC,18700000000,7/20/2016,4:01 PM,0.84%,1246095,2737450
AME,11150000000,7/20/2016,4:02 PM,-0.44%,1203184,1611160
AMGN,1.23E+11,7/20/2016,4:00 PM,0.47%,2146473,2821400
APH,18220000000,7/20/2016,4:00 PM,1.06%,2689765,1194870
APC,27830000000,7/20/2016,4:00 PM,1.24%,4043787,4911390
ADI,18650000000,7/20/2016,4:00 PM,0.70%,1386797,2033950
ANTM,35620000000,7/20/2016,4:00 PM,2.58%,1824449,1805500
AON,29140000000,7/20/2016,4:02 PM,0.23%,457774,1159670
APA,20670000000,7/20/2016,4:01 PM,-0.47%,2128138,3672030
AIV,7060000000,7/20/2016,4:02 PM,-0.55%,810948,1109050
AAPL,5.48E+11,7/20/2016,4:00 PM,0.09%,25998017,39163200
AMAT,29030000000,7/20/2016,4:00 PM,0.99%,9731512,13626100
ADM,25500000000,7/20/2016,4:00 PM,-0.21%,2701798,3761220
AJG,8640000000,7/20/2016,4:02 PM,0.16%,400459,1704700
AIZ,5410000000,7/20/2016,4:02 PM,-0.23%,280106,530781
T,2.63E+11,7/20/2016,4:00 PM,-0.14%,13838498,21563800
ADSK,13090000000,7/20/2016,4:00 PM,1.30%,1980021,1814020
ADP,43450000000,7/20/2016,4:00 PM,0.39%,1082156,2033170
AN,5290000000,7/20/2016,4:00 PM,1.18%,1243044,1353010
AZO,23390000000,7/20/2016,4:00 PM,0.55%,194417,267187
AVGO,64340000000,7/20/2016,4:00 PM,1.33%,1789249,2620770
AVB,25210000000,7/20/2016,4:03 PM,-0.26%,392138,799881
AVY,6550000000,7/20/2016,4:02 PM,0.71%,407606,752341
BHI,20020000000,7/20/2016,4:02 PM,-0.07%,2951526,3802410
BLL,10000000000,7/20/2016,4:01 PM,1.10%,1299419,2069210
BAC,1.51E+11,7/20/2016,4:01 PM,0.98%,77865638,95106096
BCR,17040000000,7/20/2016,4:02 PM,-0.15%,361492,475567
BAX,25790000000,7/20/2016,4:01 PM,1.08%,1657251,10311400
BBT,28510000000,7/20/2016,4:02 PM,-0.49%,5093482,4596510
BDX,37300000000,7/20/2016,4:01 PM,0.72%,508005,938608
BBBY,6710000000,7/20/2016,4:00 PM,0.50%,1254878,2440010
BRK-B,240160000,7/20/2016,4:01 PM,-0.51%,2786576,3427720
BBY,10260000000,7/20/2016,4:03 PM,0.32%,2569772,4913820
BIIB,57480000000,7/20/2016,4:00 PM,1.00%,1819633,1827600
BLK,59170000000,7/20/2016,4:02 PM,0.90%,432690,570127
HRB,5300000000,7/20/2016,4:02 PM,0.75%,2022878,4347740
BA,85820000000,7/20/2016,4:03 PM,0.04%,2665389,4291210
BWA,7020000000,7/20/2016,4:02 PM,1.26%,1118413,2261760
BXP,21070000000,7/20/2016,4:02 PM,-0.22%,483195,754378
BSX,32920000000,7/20/2016,4:01 PM,2.15%,10823667,11552300
BMY,1.26E+11,7/20/2016,4:01 PM,0.33%,3943277,6024840
BF-B,19460000000,7/20/2016,4:01 PM,0.59%,359596,631705
CHRW,10160000000,7/20/2016,4:00 PM,-0.63%,1270936,1450010
CA,14280000000,7/20/2016,4:00 PM,0.88%,2013790,2760910
COG,11390000000,7/20/2016,4:02 PM,-1.76%,4241704,4922660
CPB,19930000000,7/20/2016,4:00 PM,-3.08%,3783496,1974230
COF,35390000000,7/20/2016,4:00 PM,-0.18%,2787482,3799510
CAH,27140000000,7/20/2016,4:02 PM,0.57%,1297048,2626750
KMX,10730000000,7/20/2016,4:02 PM,2.41%,2227342,2776700
CCL,34280000000,7/20/2016,4:00 PM,1.97%,4144262,4755910
CAT,46530000000,7/20/2016,4:00 PM,-0.06%,4171046,5171460
CBG,9390000000,7/20/2016,4:02 PM,1.52%,2519478,2947770
CBS,24700000000,7/20/2016,4:01 PM,-0.82%,2971460,4013780
CELG,81040000000,7/20/2016,4:00 PM,2.31%,5617015,4320860
CNC,12350000000,7/20/2016,4:02 PM,0.92%,887835,1955280
CNP,10390000000,7/20/2016,4:00 PM,0.84%,5113985,3891400
CTL,16680000000,7/20/2016,4:02 PM,0.20%,3987982,5340770
CERN,20970000000,7/20/2016,4:00 PM,2.33%,1689769,2056240
CF,6200000000,7/20/2016,4:03 PM,0.23%,4144088,4887790
SCHW,36900000000,7/20/2016,4:03 PM,1.60%,9005706,9902930
CHK,3190000000,7/20/2016,4:00 PM,5.33%,36784396,36765100
CVX,1.99E+11,7/20/2016,4:01 PM,-0.42%,6384648,6713860
CMG,12260000000,7/20/2016,4:02 PM,1.05%,818297,1096070
CB,59590000000,7/20/2016,4:00 PM,-0.42%,969325,1502780
CHD,12780000000,7/20/2016,4:01 PM,-1.09%,499112,790248
CI,34140000000,7/20/2016,4:00 PM,2.16%,1946918,1545560
XEC,11300000000,7/20/2016,4:01 PM,0.45%,1048115,979106
CINF,12320000000,7/20/2016,4:00 PM,-0.33%,505657,610625
CTAS,11430000000,7/20/2016,4:00 PM,9.68%,3366012,649576
CSCO,1.54E+11,7/20/2016,4:00 PM,2.37%,49716721,23261500
C,1.29E+11,7/20/2016,4:02 PM,0.27%,15982423,22528400
CFG,11280000000,7/20/2016,4:00 PM,1.38%,7994800,6222560
CTXS,13340000000,7/20/2016,4:00 PM,1.06%,729871,1451310
CME,34370000000,7/20/2016,4:00 PM,-0.79%,1245112,1491880
CMS,12520000000,7/20/2016,4:01 PM,-0.36%,1473082,2191700
COH,11970000000,7/20/2016,4:03 PM,-0.55%,1734709,3816700
CTSH,35580000000,7/20/2016,4:00 PM,1.82%,3578177,4048710
CL,66190000000,7/20/2016,4:00 PM,-0.07%,2956930,3222410
CMCSA,1.63E+11,7/20/2016,4:00 PM,0.04%,5896377,9821230
CMA,7920000000,7/20/2016,4:02 PM,0.98%,2419077,2525590
CAG,20810000000,7/20/2016,4:02 PM,-0.69%,2718449,2705960
CXO,15850000000,7/20/2016,4:00 PM,0.07%,898062,1292150
COP,52050000000,7/20/2016,4:00 PM,0.29%,6679314,8447970
ED,23200000000,7/20/2016,4:01 PM,-0.25%,1571366,2241690
STZ,#VALUE!,7/20/2016,4:02 PM,1.42%,1208041,1466760
GLW,23240000000,7/20/2016,4:00 PM,1.36%,4869332,8804800
COST,73610000000,7/20/2016,4:00 PM,-0.05%,1322983,2732390
CCI,32910000000,7/20/2016,4:01 PM,-1.17%,1968887,2280910
CSRA,4110000000,7/20/2016,4:02 PM,0.92%,888778,1280920
CSX,27070000000,7/20/2016,4:00 PM,1.13%,6035602,7384390
CMI,19940000000,7/20/2016,4:01 PM,0.94%,2058205,1810600
CVS,1.04E+11,7/20/2016,4:00 PM,0.10%,3482039,5020390
DHI,12760000000,7/20/2016,4:01 PM,1.00%,5323403,3440500
DHR,56050000000,7/20/2016,4:03 PM,0.63%,2325394,3773640
DRI,7920000000,7/20/2016,4:00 PM,0.48%,1447555,2017590
DVA,16030000000,7/20/2016,4:02 PM,0.35%,838267,943990
DE,26020000000,7/20/2016,4:01 PM,-0.54%,2282033,3148030
DLPH,18630000000,7/20/2016,4:02 PM,2.28%,1475783,2179320
DAL,30480000000,7/20/2016,4:00 PM,-0.79%,9529810,11904700
XRAY,14810000000,7/20/2016,4:00 PM,0.67%,822657,1574480
DVN,19890000000,7/20/2016,4:02 PM,0.56%,6025781,9161800
DO,3320000000,7/20/2016,4:02 PM,-0.53%,2063056,2189750
DLR,15400000000,7/20/2016,4:04 PM,-1.06%,1572946,2178000
DFS,23210000000,7/20/2016,4:02 PM,-1.19%,3901350,3148800
DISCA,10840000000,7/20/2016,4:00 PM,0.56%,2388044,3706900
DISCK,10490000000,7/20/2016,4:00 PM,0.16%,1706418,1947570
DG,26620000000,7/20/2016,4:02 PM,0.72%,1680899,2618200
DLTR,22490000000,7/20/2016,4:00 PM,0.09%,1496569,2160500
D,47630000000,7/20/2016,4:01 PM,-0.68%,1405234,2724950
DOV,11330000000,7/20/2016,4:02 PM,0.11%,1588417,1347640
DOW,59450000000,7/20/2016,4:00 PM,1.13%,4543237,7078780
DPS,18170000000,7/20/2016,4:01 PM,-0.07%,1216065,1121170
DTE,17500000000,7/20/2016,4:01 PM,-0.53%,366122,876786
DD,59120000000,7/20/2016,4:01 PM,0.28%,1623208,3213850
DUK,58500000000,7/20/2016,4:01 PM,-0.54%,2114535,3162620
DNB,4700000000,7/20/2016,4:00 PM,1.34%,233669,291529
ETFC,7120000000,7/20/2016,4:00 PM,2.17%,2398389,3335070
EMN,10630000000,7/20/2016,4:02 PM,0.70%,879127,1291510
ETN,29080000000,7/20/2016,4:01 PM,0.71%,1689030,2330410
EBAY,31010000000,7/20/2016,4:00 PM,1.85%,25102900,10416700
ECL,35210000000,7/20/2016,4:02 PM,-0.09%,836144,1106190
EIX,24930000000,7/20/2016,4:02 PM,-0.78%,869074,1649510
EW,22600000000,7/20/2016,4:02 PM,0.76%,1060291,1673950
EA,23130000000,7/20/2016,4:00 PM,0.26%,5475677,3491920
EMC,55020000000,7/20/2016,4:01 PM,0.21%,14100615,12511600
EMR,36140000000,7/20/2016,4:00 PM,-0.28%,3665229,3605310
ENDP,4020000000,7/20/2016,4:00 PM,3.38%,3878638,10123700
ETR,14290000000,7/20/2016,4:02 PM,-0.53%,787622,1414010
EOG,45180000000,7/20/2016,4:00 PM,0.09%,2152274,3098980
EQT,12060000000,7/20/2016,4:01 PM,-0.20%,942629,1844690
EFX,16150000000,7/20/2016,4:02 PM,0.85%,368308,686384
EQIX,26340000000,7/20/2016,4:00 PM,-0.15%,387299,623759
EQR,25620000000,7/20/2016,4:03 PM,-0.88%,1314409,2212100
ESS,14810000000,7/20/2016,4:02 PM,-0.11%,250811,418589
EL,34520000000,7/20/2016,4:02 PM,0.01%,830728,1584940
ES,18370000000,7/20/2016,4:02 PM,-0.33%,809856,1722400
EXC,33420000000,7/20/2016,4:00 PM,-0.90%,3000066,5078600
EXPE,17470000000,7/20/2016,4:00 PM,0.91%,1335528,2060640
EXPD,9070000000,7/20/2016,4:00 PM,-0.38%,838582,1490400
ESRX,50080000000,7/20/2016,4:00 PM,0.23%,3246814,3558300
EXR,11620000000,7/20/2016,4:02 PM,0.65%,854046,976889
XOM,3.89E+11,7/20/2016,4:00 PM,-0.57%,7258141,10851900
FFIV,8140000000,7/20/2016,4:00 PM,0.72%,1301398,955632
FB,3.49E+11,7/20/2016,4:00 PM,1.09%,19604656,22582400
FAST,12300000000,7/20/2016,4:00 PM,0.26%,3009787,2692790
FRT,11780000000,7/20/2016,4:02 PM,-0.40%,365676,340730
FDX,42970000000,7/20/2016,4:02 PM,0.24%,680494,1568060
FIS,25460000000,7/20/2016,4:01 PM,1.09%,1592183,2441150
FITB,14120000000,7/20/2016,4:00 PM,-0.11%,3862671,7425890
FSLR,4950000000,7/20/2016,4:00 PM,1.45%,1985035,2158900
FE,15280000000,7/20/2016,4:01 PM,-0.55%,2417098,4171640
FISV,24660000000,7/20/2016,4:00 PM,0.47%,529462,1002990
FLIR,4520000000,7/20/2016,4:00 PM,0.70%,864469,801844
FLS,6250000000,7/20/2016,4:02 PM,0.93%,1498196,1366670
FLR,7440000000,7/20/2016,4:02 PM,1.02%,669790,1267190
FMC,6510000000,7/20/2016,4:02 PM,0.54%,1516182,1563640
FTI,6280000000,7/20/2016,4:02 PM,1.24%,3718616,3316650
FL,7890000000,7/20/2016,4:02 PM,-0.21%,1265268,2586730
F,54590000000,7/20/2016,4:00 PM,0.66%,22427110,32327500
FTV,#VALUE!,7/20/2016,4:00 PM,-2.35%,3351701,N/A
FBHS,9450000000,7/20/2016,4:02 PM,0.74%,600363,1633940
BEN,20540000000,7/20/2016,4:02 PM,1.56%,3768075,3303910
FCX,15400000000,7/20/2016,4:01 PM,-1.20%,38981247,42230200
FTR,5910000000,7/20/2016,4:00 PM,0.40%,10289908,15579700
GPS,9640000000,7/20/2016,4:04 PM,1.13%,3373605,7540840
GRMN,8650000000,7/20/2016,4:00 PM,0.09%,500564,860338
GD,44510000000,7/20/2016,4:00 PM,0.86%,1508994,1658830
GE,3.01E+11,7/20/2016,4:00 PM,-0.46%,35524027,34472800
GGP,27630000000,7/20/2016,4:02 PM,0.64%,2757135,3998020
GIS,42810000000,7/20/2016,4:00 PM,-1.29%,2836810,3173100
GM,48490000000,7/20/2016,4:00 PM,0.77%,20854074,12285800
GPC,14960000000,7/20/2016,4:02 PM,0.27%,795213,644802
GILD,1.15E+11,7/20/2016,4:00 PM,1.43%,8979066,9481950
GPN,10070000000,7/20/2016,4:02 PM,1.50%,765791,2032490
GS,70730000000,7/20/2016,4:00 PM,0.22%,3543296,3403210
GT,7080000000,7/20/2016,4:00 PM,0.38%,1568465,3424920
GWW,13310000000,7/20/2016,4:00 PM,-0.34%,940173,568610
HAL,38050000000,7/20/2016,4:01 PM,-1.58%,16011297,10225700
HBI,10200000000,7/20/2016,4:02 PM,1.05%,3588880,3654170
HOG,9050000000,7/20/2016,4:04 PM,2.26%,2695985,2918210
HAR,5710000000,7/20/2016,4:02 PM,3.73%,924452,996448
HRS,10730000000,7/20/2016,4:02 PM,0.83%,645070,895700
HIG,17200000000,7/20/2016,4:02 PM,-0.07%,2301152,2420730
HAS,10140000000,7/20/2016,4:00 PM,0.31%,1906823,1144950
HCA,31490000000,7/20/2016,4:00 PM,1.47%,1696971,2535160
HCP,17910000000,7/20/2016,4:00 PM,0.55%,3410552,3924040
HP,7100000000,7/20/2016,4:02 PM,-1.28%,1715928,1778880
HSIC,14840000000,7/20/2016,4:00 PM,0.19%,205534,418981
HES,16900000000,7/20/2016,4:01 PM,0.45%,3117731,3781100
HPE,33330000000,7/20/2016,4:03 PM,1.36%,5203715,10900100
HOLX,10270000000,7/20/2016,4:00 PM,0.88%,2025902,3230050
HD,1.71E+11,7/20/2016,4:00 PM,0.31%,3080519,4933150
HON,91360000000,7/20/2016,4:02 PM,0.44%,2162453,2651640
HRL,19520000000,7/20/2016,4:02 PM,0.05%,1386250,3432170
HST,12790000000,7/20/2016,4:02 PM,-0.75%,11176704,10031100
HPQ,24220000000,7/20/2016,4:03 PM,0.78%,15686528,12256600
HUM,23610000000,7/20/2016,4:01 PM,3.28%,3829913,1680160
HBAN,7360000000,7/20/2016,4:00 PM,-0.32%,8169793,11229400
ITW,41050000000,7/20/2016,4:03 PM,2.80%,2885616,1530170
ILMN,22460000000,7/20/2016,4:00 PM,2.63%,933415,1281480
IR,17390000000,7/20/2016,4:00 PM,0.63%,984093,1797200
INTC,1.69E+11,7/20/2016,4:00 PM,1.54%,40229441,22719600
ICE,30220000000,7/20/2016,4:02 PM,-0.56%,602724,761821
IBM,1.55E+11,7/20/2016,4:03 PM,1.12%,4274695,3687460
IP,18510000000,7/20/2016,4:03 PM,0.09%,2406541,3000870
IPG,9750000000,7/20/2016,4:03 PM,1.59%,4520288,4333760
IFF,10680000000,7/20/2016,4:02 PM,1.06%,318895,560556
INTU,29370000000,7/20/2016,4:00 PM,0.01%,1550003,1444770
ISRG,26760000000,7/20/2016,4:00 PM,4.64%,1153198,301940
IVZ,11690000000,7/20/2016,4:03 PM,1.49%,3928728,4720170
IRM,8520000000,7/20/2016,4:02 PM,0.50%,896290,2617280
JBHT,9190000000,7/20/2016,4:00 PM,0.93%,1318854,765238
JEC,6500000000,7/20/2016,4:02 PM,1.58%,587141,996913
JNJ,3.44E+11,7/20/2016,4:00 PM,-0.09%,7264280,7160100
JCI,28740000000,7/20/2016,4:02 PM,0.29%,3531145,4721010
JPM,2.32E+11,7/20/2016,4:00 PM,0.11%,10071340,15754100
JNPR,9030000000,7/20/2016,4:00 PM,0.47%,2902246,3609780
KSU,10610000000,7/20/2016,4:02 PM,0.83%,2278457,1393840
K,28790000000,7/20/2016,4:01 PM,-5.43%,8246285,2417820
KEY,9960000000,7/20/2016,4:01 PM,0.85%,9359992,13479600
KMB,48140000000,7/20/2016,4:01 PM,-1.10%,1979412,1775160
KIM,13160000000,7/20/2016,4:01 PM,-0.10%,1543073,2912780
KMI,49300000000,7/20/2016,4:00 PM,0.68%,26801939,16552300
KLAC,11940000000,7/20/2016,4:00 PM,0.95%,585966,1021130
KSS,7270000000,7/20/2016,4:02 PM,1.57%,1831624,3829110
KHC,1.07E+11,7/20/2016,4:00 PM,-0.90%,2194293,3212310
KR,34540000000,7/20/2016,4:00 PM,0.52%,4100397,8300110
LB,20320000000,7/20/2016,4:02 PM,0.54%,1559270,3238370
LLL,11490000000,7/20/2016,4:02 PM,-0.15%,217812,647652
LH,14140000000,7/20/2016,4:02 PM,0.96%,1130565,943910
LRCX,14560000000,7/20/2016,4:00 PM,1.91%,2527133,2558400
LM,3480000000,7/20/2016,4:02 PM,0.73%,719459,1673170
LEG,7190000000,7/20/2016,4:01 PM,0.54%,455089,746730
LEN,10730000000,7/20/2016,4:02 PM,0.62%,1591540,2349470
LUK,6530000000,7/20/2016,4:02 PM,0.61%,984709,1909550
LVLT,20470000000,7/20/2016,4:02 PM,1.19%,2339124,1909540
LLY,85090000000,7/20/2016,4:03 PM,0.39%,2807601,4190880
LNC,10380000000,7/20/2016,4:02 PM,0.28%,1617532,2679310
LLTC,11630000000,7/20/2016,4:00 PM,0.64%,1970184,2006410
LKQ,10090000000,7/20/2016,4:00 PM,1.11%,850786,3114660
LMT,78140000000,7/20/2016,4:02 PM,-0.88%,3360703,1526070
L,13960000000,7/20/2016,4:02 PM,-0.12%,418391,882579
LOW,71960000000,7/20/2016,4:02 PM,-0.26%,6785523,4863260
LYB,33920000000,7/20/2016,4:02 PM,0.94%,2028213,3402020
MTB,18100000000,7/20/2016,4:00 PM,-4.14%,2109985,820924
MAC,13240000000,7/20/2016,4:02 PM,0.13%,346956,1040540
M,10890000000,7/20/2016,4:02 PM,1.23%,3000396,7203260
MNK,7310000000,7/20/2016,4:02 PM,7.50%,1892866,1877830
MRO,12580000000,7/20/2016,4:01 PM,0.61%,17504554,20114800
MPC,20030000000,7/20/2016,4:01 PM,0.72%,3500076,6408260
MAR,17760000000,7/20/2016,4:00 PM,-0.40%,1908480,3484580
MMC,34630000000,7/20/2016,4:02 PM,0.12%,1419968,2093330
MLM,12600000000,7/20/2016,4:01 PM,0.06%,349474,775678
MAS,11280000000,7/20/2016,4:02 PM,1.60%,2668230,3604550
MA,1.03E+11,7/20/2016,4:01 PM,1.00%,3484556,4119760
MAT,11180000000,7/20/2016,4:00 PM,1.42%,3734553,3597870
MKC,13180000000,7/20/2016,4:02 PM,-0.93%,504384,716598
MCD,1.11E+11,7/20/2016,4:00 PM,-0.35%,3342531,5418970
MCK,44650000000,7/20/2016,4:02 PM,0.24%,854134,1581720
MJN,17030000000,7/20/2016,4:02 PM,0.12%,454679,1402870
MDT,1.24E+11,7/20/2016,4:02 PM,0.42%,2933165,5137680
MRK,1.63E+11,7/20/2016,4:00 PM,0.22%,6459799,8942110
MET,47410000000,7/20/2016,4:02 PM,0.42%,7943430,7270880
KORS,9080000000,7/20/2016,4:02 PM,0.78%,1445151,3921190
MCHP,11670000000,7/20/2016,3:59 PM,1.17%,1415884,2045900
MU,14110000000,7/20/2016,4:00 PM,2.80%,35485478,29476400
MSFT,4.39E+11,7/20/2016,4:00 PM,5.31%,88368525,33230300
MHK,14900000000,7/20/2016,4:02 PM,1.18%,437154,479630
TAP,21640000000,7/20/2016,4:03 PM,2.83%,4745014,1431520
MDLZ,70110000000,7/20/2016,4:00 PM,-0.90%,4649952,7746350
MON,46720000000,7/20/2016,4:02 PM,-0.10%,2702850,5067510
MNST,32100000000,7/20/2016,4:00 PM,0.47%,581335,1586090
MCO,20250000000,7/20/2016,4:02 PM,0.62%,767853,1187230
MS,55750000000,7/20/2016,4:02 PM,2.09%,28516310,14784900
MSI,11860000000,7/20/2016,4:02 PM,0.64%,978903,1779120
MUR,5270000000,7/20/2016,4:02 PM,-1.23%,2664296,3730330
MYL,23990000000,7/20/2016,4:00 PM,5.05%,5192965,4951840
NDAQ,11140000000,7/20/2016,4:00 PM,-0.48%,401931,808176
NOV,12420000000,7/20/2016,4:02 PM,-0.27%,4280078,5205870
NAVI,4750000000,7/20/2016,4:00 PM,4.36%,4388346,3009560
NTAP,7250000000,7/20/2016,4:00 PM,1.41%,1427079,3158790
NFLX,37650000000,7/20/2016,4:00 PM,2.41%,23244313,13125500
NWL,13100000000,7/20/2016,4:02 PM,1.64%,2693446,4553570
NFX,8720000000,7/20/2016,4:01 PM,1.39%,2484119,3462680
NEM,20840000000,7/20/2016,4:03 PM,-5.07%,9328327,8802250
NWSA,7240000000,7/20/2016,4:00 PM,-0.16%,1588052,2998100
NWS,7560000000,7/20/2016,4:00 PM,0.39%,1094401,861329
NEE,58700000000,7/20/2016,4:02 PM,-0.69%,1625040,1890970
NLSN,19890000000,7/20/2016,4:03 PM,1.31%,2236685,1853690
NKE,97180000000,7/20/2016,4:00 PM,0.00%,5842266,10598300
NI,8320000000,7/20/2016,4:03 PM,-0.69%,2109011,3068880
NBL,15450000000,7/20/2016,4:02 PM,-0.96%,2512099,3714020
JWN,7150000000,7/20/2016,4:02 PM,1.83%,1595148,4498340
NSC,27130000000,7/20/2016,4:00 PM,0.38%,1354397,1746770
NTRS,15170000000,7/20/2016,4:00 PM,-0.95%,2770438,1386990
NOC,40160000000,7/20/2016,4:02 PM,0.45%,1282047,957667
NRG,4620000000,7/20/2016,4:02 PM,0.20%,5167227,5391440
NUE,17200000000,7/20/2016,4:02 PM,-2.91%,5519793,2829540
NVDA,28950000000,7/20/2016,4:00 PM,1.31%,7369524,9904850
ORLY,26440000000,7/20/2016,4:00 PM,0.34%,539808,698556
OXY,58310000000,7/20/2016,4:03 PM,-0.03%,1815356,3897190
OMC,19890000000,7/20/2016,4:02 PM,0.43%,1650117,1686880
OKE,9930000000,7/20/2016,4:01 PM,-0.57%,2200080,2803160
ORCL,1.70E+11,7/20/2016,4:02 PM,0.41%,11393425,13746700
OI,2950000000,7/20/2016,4:02 PM,2.77%,871446,1865220
PCAR,19260000000,7/20/2016,4:00 PM,2.46%,2836849,2376060
PH,15240000000,7/20/2016,4:02 PM,0.62%,442348,1145280
PDCO,4730000000,7/20/2016,4:00 PM,0.16%,585744,1065840
PAYX,21810000000,7/20/2016,4:00 PM,-0.31%,2607901,2138710
PYPL,47700000000,7/20/2016,4:00 PM,1.73%,11138487,8544210
PNR,11280000000,7/20/2016,4:02 PM,0.37%,1304909,1489170
PBCT,4640000000,7/20/2016,4:00 PM,-0.65%,2844764,4520810
PEP,1.57E+11,7/20/2016,4:00 PM,-0.56%,3001525,4646620
PKI,6070000000,7/20/2016,4:02 PM,1.03%,250171,673806
PRGO,13580000000,7/20/2016,4:02 PM,1.93%,1664951,3106610
PFE,2.22E+11,7/20/2016,4:00 PM,0.11%,12246033,26402400
PCG,31880000000,7/20/2016,4:00 PM,-0.23%,2009074,2638420
PM,1.55E+11,7/20/2016,4:03 PM,-0.24%,5568506,4336260
PSX,39600000000,7/20/2016,4:02 PM,-0.53%,2133002,3058050
PNW,8800000000,7/20/2016,4:02 PM,-0.67%,553167,806841
PXD,25170000000,7/20/2016,4:00 PM,-0.66%,1796522,2105170
PBI,3560000000,7/20/2016,4:01 PM,0.69%,962517,1724570
PNC,40720000000,7/20/2016,4:01 PM,0.28%,2457175,2638150
RL,8290000000,7/20/2016,4:02 PM,1.26%,473078,1492380
PPG,29270000000,7/20/2016,4:01 PM,1.52%,2359115,1475550
PPL,25010000000,7/20/2016,4:04 PM,-0.59%,3799110,4996510
PX,33740000000,7/20/2016,4:01 PM,0.08%,480430,1181560
PCLN,67150000000,7/20/2016,4:00 PM,1.95%,648945,652221
PFG,12880000000,7/20/2016,4:03 PM,0.50%,1069776,1625600
PG,2.27E+11,7/20/2016,4:01 PM,-0.21%,6275845,7383950
PGR,19090000000,7/20/2016,4:02 PM,-0.21%,1781673,3034710
PLD,27110000000,7/20/2016,4:03 PM,-0.21%,3004750,3248770
PRU,33390000000,7/20/2016,4:02 PM,0.49%,1828618,2439520
PEG,22970000000,7/20/2016,4:02 PM,-0.96%,1867377,3119920
PSA,43680000000,7/20/2016,4:00 PM,-0.09%,376253,873327
PHM,7070000000,7/20/2016,4:02 PM,0.25%,4322749,4688630
PVH,8100000000,7/20/2016,4:02 PM,1.95%,626763,1213340
QRVO,7750000000,7/20/2016,4:00 PM,0.66%,1102827,1518050
QCOM,81990000000,7/20/2016,4:00 PM,1.23%,15870472,9246220
PWR,3860000000,7/20/2016,4:00 PM,0.35%,1496173,2430740
DGX,11820000000,7/20/2016,4:00 PM,0.49%,939320,1186970
RRC,6990000000,7/20/2016,4:02 PM,-3.25%,2160957,4047910
RTN,41040000000,7/20/2016,4:02 PM,0.15%,1807058,1976190
O,17530000000,7/20/2016,4:02 PM,-0.70%,1025095,1961490
RHT,13310000000,7/20/2016,4:02 PM,1.60%,975625,1415860
REGN,40120000000,7/20/2016,4:00 PM,2.00%,628298,904556
RF,11300000000,7/20/2016,4:01 PM,0.45%,24160594,20226600
RSG,18010000000,7/20/2016,4:02 PM,0.11%,717822,1359250
RAI,74740000000,7/20/2016,4:01 PM,-0.40%,2266643,3938530
RHI,5210000000,7/20/2016,4:02 PM,1.87%,719338,1390230
ROK,15570000000,7/20/2016,4:02 PM,0.43%,309262,826165
COL,11310000000,7/20/2016,4:02 PM,0.64%,487890,791278
ROP,17580000000,7/20/2016,4:02 PM,1.47%,670069,586084
ROST,23700000000,7/20/2016,4:00 PM,0.19%,1742896,2935180
RCL,15480000000,7/20/2016,4:02 PM,2.60%,1582862,2322060
R,3640000000,7/20/2016,4:01 PM,0.71%,483439,762159
SPGI,30990000000,7/20/2016,4:02 PM,0.45%,851258,1122300
CRM,55650000000,7/20/2016,4:02 PM,0.95%,4045021,3727160
SCG,10510000000,7/20/2016,4:03 PM,-0.26%,819438,931889
SLB,1.01E+11,7/20/2016,4:01 PM,0.99%,5925372,6390610
SNI,8590000000,7/20/2016,4:00 PM,1.12%,708410,1056220
STX,9100000000,7/20/2016,4:00 PM,1.70%,3744787,7584890
SEE,9740000000,7/20/2016,4:02 PM,0.92%,1245575,1950940
SRE,27970000000,7/20/2016,4:02 PM,-0.28%,1318885,1248780
SHW,28550000000,7/20/2016,4:02 PM,1.00%,953845,673695
SIG,6990000000,7/20/2016,4:01 PM,-0.93%,1695404,1995080
SPG,69070000000,7/20/2016,4:02 PM,0.09%,646769,1415590
SWKS,13220000000,7/20/2016,4:00 PM,1.70%,3170699,2791660
SLG,11120000000,7/20/2016,4:02 PM,0.02%,732045,732354
SJM,17740000000,7/20/2016,4:02 PM,-0.29%,560710,925070
SNA,9400000000,7/20/2016,4:00 PM,0.97%,552316,482829
SO,48970000000,7/20/2016,4:00 PM,-0.54%,3862313,5599460
LUV,26840000000,7/20/2016,4:01 PM,-1.62%,8202089,6582420
SWN,5110000000,7/20/2016,4:01 PM,-0.75%,14998104,16999100
SE,25250000000,7/20/2016,4:02 PM,0.14%,2136803,4192000
STJ,23090000000,7/20/2016,4:02 PM,1.28%,1708683,4136230
SWK,17560000000,7/20/2016,4:02 PM,0.34%,686532,989921
SPLS,5860000000,7/20/2016,4:00 PM,0.33%,5909316,9485210
SBUX,84290000000,7/20/2016,4:00 PM,1.37%,9370056,8955470
HOT,13000000000,7/20/2016,4:02 PM,-0.74%,651338,2481560
STT,22870000000,7/20/2016,4:02 PM,0.54%,1736725,2764230
SRCL,9040000000,7/20/2016,4:00 PM,0.14%,635462,1324980
SYK,45760000000,7/20/2016,4:02 PM,0.49%,1285381,1374760
STI,21870000000,7/20/2016,4:02 PM,0.00%,2104261,4098340
SYMC,12670000000,7/20/2016,4:00 PM,0.05%,17544126,10271600
SYF,23470000000,7/20/2016,4:01 PM,-0.39%,8935501,9249970
SYY,29200000000,7/20/2016,4:01 PM,-0.65%,2333907,3879410
TROW,18380000000,7/20/2016,4:00 PM,-0.01%,1226063,1408230
TGT,43890000000,7/20/2016,4:03 PM,0.72%,2778936,6445470
TEL,22130000000,7/20/2016,4:02 PM,3.83%,2449031,1744020
TGNA,5340000000,7/20/2016,4:02 PM,0.70%,568315,1729330
TDC,3680000000,7/20/2016,4:02 PM,3.93%,1793824,2236120
TSO,9310000000,7/20/2016,4:02 PM,1.08%,1353088,1987230
TXN,65730000000,7/20/2016,4:00 PM,0.79%,4670965,5223030
TXT,10560000000,7/20/2016,4:02 PM,1.45%,1130633,1778690
BK,43090000000,7/20/2016,4:01 PM,0.76%,4804155,5541180
CLX,17510000000,7/20/2016,4:00 PM,-0.73%,544441,1042910
KO,1.97E+11,7/20/2016,4:00 PM,-0.26%,8244997,12318900
HSY,23280000000,7/20/2016,4:02 PM,-0.20%,876383,1882360
MOS,10150000000,7/20/2016,4:00 PM,1.15%,5819150,5579040
TRV,34210000000,7/20/2016,4:01 PM,-0.03%,1658771,1528620
DIS,1.59E+11,7/20/2016,4:00 PM,-1.26%,10563298,7279520
TMO,62050000000,7/20/2016,4:02 PM,0.67%,662100,1451490
TIF,7860000000,7/20/2016,4:02 PM,1.65%,1453154,2166240
TWX,61230000000,7/20/2016,4:02 PM,-0.28%,2284280,3920680
TJX,52670000000,7/20/2016,4:01 PM,0.40%,2435219,3294000
TMK,7520000000,7/20/2016,4:02 PM,-0.10%,330762,636076
TSS,10210000000,7/20/2016,4:02 PM,1.02%,824312,1276500
TSCO,12430000000,7/20/2016,4:00 PM,0.16%,1147088,1018700
TDG,14520000000,7/20/2016,4:02 PM,-0.06%,298197,778383
RIG,4440000000,7/20/2016,4:02 PM,0.50%,12293384,15740500
TRIP,10100000000,7/20/2016,4:00 PM,1.08%,1222724,2018410
FOXA,51140000000,7/20/2016,4:00 PM,-2.70%,22658341,8883250
FOX,52660000000,7/20/2016,4:00 PM,-2.28%,5057687,2593970
TYC,18390000000,7/20/2016,4:00 PM,0.52%,3416437,3270150
TSN,27470000000,7/20/2016,4:00 PM,-0.58%,2766613,3581170
USB,72150000000,7/20/2016,4:00 PM,0.00%,4913227,7629930
UDR,9840000000,7/20/2016,4:02 PM,0.11%,829845,1868110
ULTA,15980000000,7/20/2016,4:00 PM,-0.43%,480281,839468
UA,36850000000,7/20/2016,4:02 PM,0.57%,3544741,6360460
UNP,79160000000,7/20/2016,4:02 PM,0.18%,4238914,4631970
UAL,16270000000,7/20/2016,4:01 PM,0.94%,8410441,6412480
UNH,1.36E+11,7/20/2016,4:03 PM,0.30%,5442180,3296500
UPS,97610000000,7/20/2016,4:01 PM,-0.05%,1326957,2589550
URI,6180000000,7/20/2016,4:04 PM,2.84%,2599940,1946960
UTX,88740000000,7/20/2016,4:01 PM,0.40%,2979594,3832160
UHS,13200000000,7/20/2016,4:02 PM,0.09%,628947,695471
UNM,7680000000,7/20/2016,4:02 PM,0.44%,1407131,1939280
URBN,3480000000,7/20/2016,4:00 PM,1.68%,1187215,2255440
VFC,26780000000,7/20/2016,4:00 PM,0.66%,1924730,2478470
VLO,23860000000,7/20/2016,4:04 PM,-0.14%,4467519,6160030
VAR,8290000000,7/20/2016,4:02 PM,0.82%,463332,709813
VTR,24710000000,7/20/2016,4:03 PM,0.04%,1077678,2219720
VRSN,9150000000,7/20/2016,4:00 PM,1.46%,1300489,749076
VRSK,14360000000,7/20/2016,4:00 PM,-0.16%,390260,635273
VZ,2.27E+11,7/20/2016,4:00 PM,-0.14%,11870814,13624200
VRTX,22550000000,7/20/2016,4:00 PM,4.25%,1298015,1668590
VIAB,17720000000,7/20/2016,4:00 PM,0.22%,1488594,4348940
V,1.89E+11,7/20/2016,4:04 PM,0.81%,7871856,8977770
VNO,19070000000,7/20/2016,4:02 PM,-0.44%,1088215,930671
VMC,16710000000,7/20/2016,4:00 PM,0.71%,647653,907846
WMT,2.30E+11,7/20/2016,4:00 PM,0.18%,4691972,9027780
WBA,89300000000,7/20/2016,4:00 PM,0.36%,4897675,4988890
WM,30110000000,7/20/2016,4:02 PM,0.22%,1114421,2212380
WAT,12190000000,7/20/2016,4:02 PM,1.20%,295154,459076
WFC,2.45E+11,7/20/2016,4:02 PM,0.50%,16384562,18949300
HCN,27710000000,7/20/2016,4:02 PM,0.06%,1052273,2396280
WDC,12090000000,7/20/2016,4:00 PM,1.31%,4071947,6522690
WU,9910000000,7/20/2016,4:00 PM,0.40%,2319206,3472750
WRK,10890000000,7/20/2016,4:00 PM,1.54%,1593932,1803180
WY,24130000000,7/20/2016,4:04 PM,1.00%,3077093,5408500
WHR,13950000000,7/20/2016,4:03 PM,2.41%,1545300,894144
WFM,10610000000,7/20/2016,4:00 PM,0.79%,2928240,6119220
WMB,18860000000,7/20/2016,4:00 PM,0.56%,12259739,11605300
WLTW,17170000000,7/20/2016,4:00 PM,-0.14%,498244,768432
WEC,20210000000,7/20/2016,4:01 PM,-0.23%,1074201,2069910
WYN,8440000000,7/20/2016,4:02 PM,-0.16%,1202713,1309290
WYNN,9550000000,7/20/2016,4:00 PM,-1.04%,2051422,2691870
XEL,22150000000,7/20/2016,4:02 PM,-0.41%,2526499,3352330
XRX,9940000000,7/20/2016,4:00 PM,2.51%,5115843,6796590
XLNX,12200000000,7/20/2016,4:00 PM,0.21%,1697464,2817930
XL,9330000000,7/20/2016,4:03 PM,1.02%,1869040,2812040
XYL,8440000000,7/20/2016,4:02 PM,0.04%,640872,1280070
YHOO,36920000000,7/20/2016,4:00 PM,1.91%,8129649,12376300
YUM,35060000000,7/20/2016,4:00 PM,0.35%,1451740,3185040
ZBH,25200000000,7/20/2016,4:02 PM,1.58%,841906,1596760
ZION,5310000000,7/20/2016,4:00 PM,0.35%,2118338,3408950
ZTS,24930000000,7/20/2016,4:02 PM,1.78%,2525329,3357720